train_loss,val_loss,train_loss_c,train_loss_s,train_loss_cl,val_loss_c,val_loss_s,val_loss_cl,I2T_R@1,I2T_R@5,I2T_R@10,T2I_R@1,T2I_R@5,T2I_R@10,cls_acc,sev_mae,logit_scale,lr
0.8654493808105428,0.8563805255624983,0.41522803846546397,0.14199441583246314,1.3587433189474127,0.4236164962251981,0.10733000735786778,1.3352167043421004,66.97566628041714,71.72653534183083,73.117033603708,64.77404403244496,99.88412514484357,100.0,39.86094892024994,40.690513610839844,2.6596693992614746,2e-06
0.6862357535990335,0.8366620386088336,0.2897545726148672,0.0756838900357565,1.2459199966922883,0.46908717850844067,0.07203081940059308,1.1532186678162328,71.37891077636154,74.6234067207416,76.1297798377752,97.56662804171495,100.0,100.0,66.39629006385803,33.62820053100586,2.6609649658203125,3.5e-06
0.5067338806486898,0.7302968085364059,0.26399441864541784,0.03400085692579347,0.7751306513304351,0.4695522856933099,0.08114114377153951,0.788007241708261,69.4090382387022,70.79953650057938,71.49478563151796,84.58864426419467,99.76825028968713,100.0,71.84240818023682,30.073152542114258,2.663043737411499,5e-06
0.3355769216213175,0.7845054939389229,0.2473038011981595,0.026021140981190186,0.2682225832375147,0.48220947164076344,0.08851660148718145,0.9191367582038596,68.48203939745075,69.52491309385863,70.33603707995366,70.45191193511008,94.90150637311703,99.42062572421784,69.52491402626038,31.43785285949707,2.6669318675994873,4.98343397646776e-06
0.25385904179946067,0.8985031909412808,0.22029056087616952,0.020662447323419295,0.09123248566863357,0.5345177509718471,0.08801365482375129,1.125271110933412,75.31865585168019,75.78215527230591,76.24565469293164,80.53302433371958,92.58400926998841,99.18887601390499,75.3186583518982,28.726890563964844,2.678292751312256,4.9339599329205686e-06
0.2173211923049342,0.8651000070903037,0.2009705213970074,0.019062022090531504,0.03544021229590139,0.5152061187006809,0.0765555678768174,1.0897573508598186,72.53765932792584,74.85515643105447,75.43453070683661,62.10892236384704,93.85863267670915,98.1460023174971,76.12978219985962,28.064666748046875,2.695688009262085,4.8522469209254765e-06
0.18603088600581053,0.9401309390862783,0.17560088666536475,0.018286125702215158,0.016480538793789443,0.581588684408753,0.08307188487217193,1.112068929054119,71.61066048667439,74.04403244495944,75.20278099652376,71.49478563151796,94.66975666280418,98.1460023174971,73.69641065597534,29.88593864440918,2.7183518409729004,4.739399968792361e-06
0.160623890718305,0.8401873346280169,0.15057154949153623,0.01766669013761535,0.01584111186124945,0.5208466591106521,0.07166157449682942,0.9928073016581712,75.43453070683661,77.9837775202781,79.4901506373117,81.57589803012746,95.1332560834299,98.72537659327926,77.98377871513367,26.417268753051758,2.742799997329712,4.5969451379616955e-06
0.13278090837661938,0.8779021360807948,0.12493549807057265,0.01711259751989987,0.009038769670071141,0.5022750488585896,0.08497705392828384,1.1671131716834173,69.52491309385863,73.00115874855156,74.85515643105447,79.72190034762457,93.39513325608343,97.45075318655852,71.49478793144226,30.220869064331055,2.7686448097229004,4.426808885641497e-06
0.11347301704909211,0.9148964261015257,0.10629474324604837,0.016853171881095516,0.007074407271800503,0.5365499503634594,0.07474507337044795,1.1864098051079996,71.95828505214368,77.05677867902665,79.37427578215527,82.27114716106605,97.21900347624566,99.30475086906141,76.12978219985962,26.8427677154541,2.7919483184814453,4.231292012778399e-06
0.09784274503228164,0.8846897469074638,0.09138726332895858,0.016176821186970194,0.005341449812535317,0.496276027350514,0.07818287467078469,1.2165294528283455,73.23290845886443,77.28852838933952,80.64889918887602,84.24101969872538,98.26187717265353,99.76825028968713,75.66627860069275,27.17682647705078,2.8136351108551025,4.013038549671827e-06
0.08491319257725952,0.9385309920266822,0.07886995610490602,0.015797695526177245,0.0043464261357502275,0.539373648111467,0.07814433010800578,1.2523800966640313,74.39165701042873,78.3314020857474,80.41714947856315,82.15527230590962,96.87137891077636,99.53650057937428,75.78215599060059,27.446685791015625,2.8335180282592773,3.7750000000000007e-06
0.074987481187989,0.924663018297266,0.06933195442361857,0.015205550392443735,0.003646205549919477,0.5183669262462192,0.07844532825159452,1.275874917153959,71.03128621089223,77.52027809965237,79.25840092699885,81.3441483198146,97.68250289687138,99.65237543453071,75.66627860069275,26.975078582763672,2.850895404815674,3.5203954267959348e-06
0.06512836593213261,0.9555565049802816,0.05968926964648148,0.01507821203697966,0.00305210810995871,0.5255622444329439,0.07865753406211431,1.3546565972544529,72.7694090382387,76.94090382387022,79.25840092699885,81.80764774044033,96.6396292004635,99.53650057937428,75.08690357208252,27.450590133666992,2.8667454719543457,3.252667920142172e-06
0.0576835503871803,0.9575263692273034,0.05263368749830832,0.014198277317743589,0.002634598563114802,0.5415432773254536,0.07817360948630031,1.3084366489891652,72.19003476245655,78.21552723059096,79.837775202781,79.95365005793742,96.98725376593279,99.65237543453071,75.08690357208252,27.425491333007812,2.8813037872314453,2.9754380352839804e-06
0.05201851745306324,0.9734947526896441,0.04721926627880944,0.013814567597345099,0.0021829353945870553,0.5417479251821836,0.07772739669248781,1.3614286120843004,72.65353418308227,78.91077636152954,81.46002317497103,81.22827346465817,97.45075318655852,99.53650057937428,76.01390480995178,27.031694412231445,2.893582820892334,2.6924548308306665e-06
0.05770689441512029,0.9600629657506943,0.05169584345486429,0.01766890913455023,0.0023679257267051274,0.5248486526586391,0.07861811625776614,1.3720961940233354,73.23290845886443,78.44727694090382,80.76477404403245,80.06952491309386,95.94438006952491,99.18887601390499,76.12978219985962,27.192243576049805,2.8986289501190186,2.407545169169335e-06
0.0523575472438501,0.9358122362582771,0.04676649019949966,0.0164306301675323,0.0022062259415785474,0.5255731537386223,0.07737507934372709,1.2900884776479669,72.53765932792584,78.09965237543453,80.06952491309386,78.3314020857474,95.1332560834299,99.18887601390499,75.43452978134155,27.078060150146484,2.903334379196167,2.124561964716022e-06
0.05008990123040146,0.963009903828303,0.044709605671879316,0.01588626227910734,0.0020480557448334163,0.53500854610293,0.0788892005487772,1.347781936051669,73.00115874855156,77.9837775202781,79.72190034762457,82.03939745075319,95.1332560834299,99.07300115874855,75.89802742004395,27.157691955566406,2.9073259830474854,1.8473320798578297e-06
